0	1
25000	1.0
knew	16.0
energy	2.0
care	82.0
creature	1.0
checkedyo	1.0
irrelevant	4.0
shd	1.0
handle	8.0
repeats	1.0
becaz	1.0
yuck	3.0
pussies	1.0
god	8.0
intimidated	1.0
thinks	4.0
dances	1.0
textbook	2.0
reaally	1.0
media	2.0
call	65.0
illustrator	1.0
humans	9.0
pcs	1.0
smell	10.0
typically	3.0
excluding	1.0
allahabad	1.0
surprised	4.0
steal	2.0
awsome	1.0
chat	69.0
%&	1.0
receive	2.0
hehe	11.0
massage	2.0
hates	9.0
necessary	1.0
overtly	1.0
irrfan	1.0
say	205.0
ermmmmm	1.0
person	66.0
huhhhh	2.0
dumped	2.0
assh	1.0
warned	1.0
nobody	6.0
relation	1.0
fu	2.0
smwt	1.0
worked	3.0
everytime	5.0
inbox	1.0
fyn	3.0
high	6.0
photo	14.0
welcomed	1.0
gotham	1.0
suicidal	1.0
yrss	1.0
p	3.0
scenes	1.0
kiss	34.0
raining	2.0
doesnot	1.0
dhak	2.0
images	1.0
emotionless	1.0
massaging	1.0
fak	1.0
mall	1.0
southern	1.0
miles	1.0
talkative	1.0
sentences	1.0
cum	1.0
recognize	1.0
witty	1.0
suppose	3.0
cracking	4.0
relieved	7.0
pack	1.0
ceo	1.0
failed	4.0
monuments	1.0
homes	1.0
betrayed	2.0
burst	1.0
zayn	2.0
bout	4.0
unattractive	1.0
harsh	5.0
names	5.0
badly	9.0
seriously	22.0
as	107.0
goes	3.0
started	28.0
hiring	1.0
careful	1.0
mxm	1.0
nikhil	1.0
ure	2.0
gifts	2.0
agien	1.0
ty	1.0
wo	1.0
judgmental	1.0
performing	2.0
yesterday	6.0
wars	5.0
alsatian	1.0
englidh	1.0
continue	5.0
hectic	1.0
hehehe	2.0
personally	3.0
address	3.0
bay	11.0
wl	1.0
desk	1.0
yaa	5.0
aware	6.0
fictional	1.0
errr	1.0
disaster	1.0
smiling	85.0
html	1.0
üåü	1.0
calm	3.0
eee	1.0
sending	22.0
bluffing	2.0
esports	1.0
tall	3.0
whole	15.0
gutter	1.0
youknow	1.0
so	910.0
oops	4.0
sensuous	1.0
rahul	3.0
gud	3.0
reigns	1.0
magi	1.0
inhuman	1.0
inconsiderate	1.0
na	23.0
relax	3.0
baba	1.0
\	17.0
frod	1.0
clever	4.0
89	2.0
|	5.0
ever	87.0
evn	1.0
minute	7.0
needed	5.0
stalking	1.0
speaking	16.0
rndi	1.0
(^o^)	1.0
lots	3.0
‚ò∫Ô∏è	6.0
distress	1.0
stabbing	1.0
toooo	1.0
fine	43.0
losing	1.0
whose	4.0
lifters	1.0
sow	1.0
previous	1.0
too	197.0
senseless	2.0
big	38.0
sucks	4.0
could	39.0
hating	5.0
meme	2.0
since	19.0
cupid	1.0
somethng	1.0
sweets	1.0
truly	3.0
devil	1.0
slippers	1.0
stoping	1.0
case	2.0
stuck	4.0
idgaf	1.0
ought	2.0
chandler	1.0
judge	11.0
young	3.0
wondering	2.0
repeater	1.0
social	6.0
hwll	1.0
raatko	1.0
ironic	1.0
airports	2.0
says	11.0
namr	1.0
rid	2.0
buffalo	6.0
marketing	1.0
prob	1.0
zaeden	1.0
satisfactory	1.0
of	666.0
dats	4.0
wud	3.0
thunder	1.0
time	142.0
rogh	1.0
;‚Äë)	1.0
ppz	1.0
yout	1.0
be≈üikta≈ü	1.0
forget	12.0
pm	2.0
scuba	1.0
hehhehehe	1.0
irritate	38.0
love	264.0
noodles	1.0
wants	7.0
fuckk	1.0
forgotten	4.0
cruel	3.0
bottle	2.0
together	8.0
paul	1.0
admit	5.0
evrything	1.0
countries	1.0
fri	1.0
words	28.0
cheese	4.0
boym	1.0
nah	13.0
separately	1.0
marks	1.0
freaking	2.0
mock	2.0
callin	1.0
eventually	1.0
ƒ±	3.0
‚ô°	2.0
dt	1.0
bullying	1.0
thoughtful	1.0
:‚Äë(	1.0
birthday	6.0
wet	1.0
periods	1.0
forgets	1.0
falling	3.0
leather	2.0
gold	2.0
belong	7.0
demand	2.0
outta	5.0
poem	3.0
fits	1.0
hefe	1.0
keeper	1.0
ya	50.0
tis	1.0
cisco	1.0
,	831.0
smells	1.0
choice	9.0
supernatural	1.0
wheather	1.0
randi	1.0
off	232.0
liquer	2.0
babes	3.0
additional	1.0
mclaren	1.0
language	35.0
physically	3.0
joffery	1.0
rommate	2.0
excuses	1.0
tc	1.0
issue	2.0
views	5.0
rudeas	1.0
hesitate	2.0
deaf	1.0
fries	1.0
forwarded	1.0
american	4.0
yukkkkk	1.0
obsessed	1.0
madarchod	1.0
teling	1.0
kindness	1.0
dependents	1.0
lavish	1.0
meat	1.0
bc	8.0
lovly	2.0
booty	1.0
popcorn	3.0
algebra	1.0
sauce	2.0
hardcore	1.0
ctupid	1.0
adopted	2.0
cleverbot	1.0
roam	1.0
woke	3.0
classmate	1.0
selfie	5.0
radium	1.0
chhheeee	1.0
child	5.0
mep	1.0
tempered	1.0
allowed	5.0
7	3.0
old	11.0
100	3.0
brain	17.0
ii	2.0
list	5.0
laughed	2.0
haaa	1.0
medical	3.0
moths	1.0
yummy	1.0
hang	4.0
zindagi	2.0
destroy	4.0
laughs	1.0
deeply	4.0
guy	18.0
existence	4.0
filled	2.0
butt	3.0
do	2368.0
throw	4.0
awwwweee	2.0
couple	1.0
hut	3.0
criteria	1.0
performances	1.0
relationships	2.0
node	1.0
tune	4.0
explorer	2.0
report	4.0
birth	4.0
any1	1.0
hahaa	2.0
faking	1.0
‚òù	6.0
people	130.0
chatbot	6.0
larry	1.0
slang	3.0
burden	1.0
ok	394.0
wy	1.0
italian	1.0
bird	8.0
drinking	3.0
ukw	1.0
yashu	1.0
june	1.0
surprising	1.0
concerned	2.0
justdo	1.0
caat	1.0
colour	5.0
twister	1.0
sob	2.0
over	38.0
jao	1.0
bitchy	3.0
rudely	1.0
k	35.0
back	72.0
mug	2.0
95$	1.0
yours	7.0
:o	9.0
profound	1.0
treat	3.0
antiope	1.0
everything	34.0
afterall	1.0
score	3.0
dialogue	1.0
awful	7.0
worry	11.0
dhoka	1.0
selfless	1.0
ferari	1.0
battle	1.0
arrow	1.0
rplies	1.0
chinos	1.0
trawen	1.0
lyf	1.0
cn	5.0
unfortunately	1.0
frightens	1.0
wasen	1.0
integer	1.0
greatest	1.0
mentality	2.0
india	20.0
16	3.0
nature	2.0
random	4.0
pweh	1.0
means	42.0
fps	5.0
lies	11.0
evening	1.0
upto	3.0
pleaae	1.0
min	4.0
breakfast	1.0
tw	2.0
coupon	2.0
unsuccessful	1.0
lonely	5.0
cortana	4.0
fuc	1.0
suffer	2.0
wut	1.0
middle	2.0
damsel	1.0
cheated	13.0
sounds	7.0
tweak	1.0
insult	11.0
happier	1.0
order	1.0
proud	4.0
aree	1.0
be	374.0
cities	2.0
remember	19.0
yikes	1.0
sem	1.0
movie	28.0
vampire	1.0
wannna	1.0
0	8.0
titans	1.0
area	1.0
contact	7.0
curse	2.0
abtbur	1.0
from	162.0
snow	4.0
drinks	1.0
pottypiece	1.0
fast	6.0
enter	1.0
aperture	1.0
buy	11.0
wrking	1.0
mayb	1.0
betch	1.0
exist	7.0
virtual	2.0
fabulous	1.0
test	5.0
decent	2.0
mysterious	1.0
ganguly	1.0
reason	24.0
kitchen	4.0
duet	1.0
wna	1.0
egoistic	1.0
recyclable	1.0
lakh	1.0
handsome	1.0
dam	1.0
followed	5.0
tastes	1.0
afraid	7.0
vaginal	1.0
miserable	1.0
bandwagon	1.0
lost	303.0
lying	9.0
unhappy	1.0
emotion	1.0
grade	1.0
band	4.0
milk	3.0
changed	6.0
failure	6.0
breathing	1.0
jamuns	1.0
#offended	1.0
reach	2.0
horri	1.0
unique	1.0
break	19.0
picec	1.0
decide	2.0
engineers	1.0
unable	1.0
roboy	3.0
rubbish	11.0
signaling	2.0
arr	1.0
yoda	2.0
somthing	1.0
today	53.0
right	109.0
dance	7.0
barca	2.0
wid	7.0
regularly	1.0
plwase	1.0
kanna	1.0
arguing	2.0
developer	1.0
is	1506.0
belve	2.0
ourselves	1.0
cries	1.0
letters	1.0
imagination	1.0
sex	3.0
mountains	1.0
fools	1.0
because	333.0
friendly	5.0
in	387.0
green	3.0
sun	3.0
lemme	3.0
kkrh	1.0
boredom	2.0
joshi	1.0
whip	1.0
tld	1.0
nonveg	3.0
superior	2.0
anything	83.0
hibberish	1.0
playing	13.0
understand	86.0
ad	1.0
faced	1.0
co	1.0
roast	1.0
weary	19.0
chatbox	1.0
Ãá	2.0
patient	1.0
remedy	1.0
brains	2.0
key	1.0
ha	14.0
gain	5.0
t460s	1.0
citizen	1.0
mine	16.0
realized	3.0
üòñ	4.0
corporate	1.0
ton	1.0
frustrate	1.0
gonna	75.0
ly	1.0
state	6.0
kidding	17.0
sali	1.0
hawww	1.0
rabbit	1.0
createar	1.0
subscribed	1.0
stronger	1.0
recognised	1.0
between	5.0
frustration	2.0
da	5.0
ofcourse	6.0
texting	13.0
intentionally	2.0
brinjal	1.0
prude	1.0
ryan	1.0
little	21.0
adding	2.0
docs	1.0
chutiya	2.0
tone	5.0
indeed	2.0
credited	1.0
sign	5.0
___	2.0
ashamed	4.0
bannerlord	1.0
girlfriend	48.0
infact	1.0
except	7.0
calls	3.0
hippy	1.0
now	365.0
expense	1.0
subjects	2.0
pepper	1.0
üòê	10.0
drools	1.0
byeeeeeeeeee	1.0
lel	2.0
content	5.0
began	1.0
clapping	3.0
education	2.0
messengers	1.0
loving	2.0
üêù	1.0
truthful	1.0
linear	1.0
mood	15.0
matter	18.0
where	84.0
cya	1.0
ship	4.0
busiest	1.0
whiny	1.0
assume	2.0
siddharth	2.0
clear	3.0
shush	1.0
substitute	1.0
marble	1.0
friendship	7.0
heaven	5.0
l0ve	1.0
comouter	1.0
voted	1.0
side	7.0
cant	36.0
experience	3.0
05	1.0
emogi	1.0
trick	2.0
shady	2.0
steam	36.0
bucks	3.0
christmas	2.0
yeah	121.0
upset	8.0
roman	1.0
supposed	13.0
üê∫	1.0
yet	13.0
parts	1.0
:-s	1.0
destruction	1.0
convince	2.0
fuckoff	1.0
favor	1.0
birthdays	3.0
husband	3.0
then	319.0
operate	1.0
earned	1.0
waiting	12.0
touched	1.0
rofl	1.0
important	16.0
internet	10.0
sizzling	1.0
keeping	4.0
indicating	1.0
crap	19.0
whosover	1.0
xnxx	1.0
makes	24.0
fucking	102.0
finger	1.0
monts	1.0
mon	1.0
sport	1.0
apologise	1.0
plans	3.0
jusr	1.0
overrated	2.0
africans	1.0
those	24.0
byeee	1.0
pakistan	1.0
sweetie	2.0
disrespected	2.0
creation	1.0
adobe	1.0
tal	1.0
jar	1.0
voice	6.0
phd	1.0
store	3.0
along	2.0
anyone	30.0
cheaper	1.0
saw	9.0
tht	13.0
shithole	1.0
there	116.0
wart	1.0
heat	3.0
offff	1.0
computing	1.0
unamused	57.0
meadows	1.0
consequence	1.0
hands	7.0
wil	1.0
nooo	1.0
feep	1.0
totally	13.0
jstu	1.0
early	2.0
actual	4.0
inteligent	1.0
vl	1.0
cena	1.0
hit	8.0
punk	3.0
nothiny	1.0
stream	1.0
lied	5.0
seat	1.0
walk	5.0
sore	1.0
basically	1.0
flattered	1.0
adopt	1.0
herd	1.0
akon	1.0
#	1.0
mocking	1.0
itself	6.0
lyric	1.0
pedo	1.0
:‚Äë)	2.0
sweet	14.0
story	15.0
eye	2.0
methods	1.0
face	1022.0
roboty	1.0
cook	1.0
fu*k	1.0
incapable	1.0
youself	1.0
mah	1.0
^_^	7.0
disappointed	28.0
commitments	1.0
telugu	1.0
madness	1.0
):	1.0
something	77.0
fiction	2.0
wakarimasen	1.0
idc	1.0
argue	3.0
without	13.0
savoring	3.0
mud	1.0
interviewed	1.0
many	42.0
dream	4.0
heard	6.0
shower	1.0
go	293.0
up	254.0
tail	3.0
weren	2.0
ears	2.0
make	116.0
whey	1.0
bee	1.0
issues	1.0
cakes	2.0
potter	1.0
sing	9.0
matches	1.0
boyfriends	1.0
ummmm	1.0
loudly	32.0
usual	1.0
beleving	1.0
fever	1.0
raise	1.0
absolutely	5.0
settings	1.0
willing	1.0
lame	85.0
bestest	1.0
aswell	1.0
tlk	4.0
balloon	1.0
park	1.0
rule	1.0
dollars	1.0
starring	1.0
creeping	2.0
(	21.0
joke	48.0
football	10.0
why	1046.0
eles	1.0
anyway	20.0
lovely	4.0
owwwwwww	1.0
proof	3.0
swift	1.0
seldom	1.0
used	6.0
disconnect	1.0
completely	5.0
messed	3.0
juat	1.0
appropriate	3.0
licking	1.0
hairs	1.0
chef	2.0
lose	8.0
desi	1.0
forgetting	2.0
city	6.0
developers	4.0
expressionless	32.0
opinions	2.0
patterns	1.0
miserya	1.0
hopeless	2.0
dat	4.0
siri	6.0
see	121.0
slobbering	1.0
lights	1.0
saali	1.0
yer	1.0
all	199.0
misinterpreted	2.0
terrorist	1.0
goto	1.0
liers	1.0
equivalent	1.0
few	11.0
patch	2.0
giving	11.0
simply	6.0
headddd	1.0
check	7.0
bobble	1.0
assholes	1.0
ignorant	3.0
horizon	1.0
please	200.0
niw	1.0
keep	39.0
police	1.0
clown	2.0
salman	5.0
xd	17.0
lunch	2.0
picking	1.0
whoo	1.0
exit	1.0
pronunciation	1.0
augmented	1.0
sais	2.0
angry	539.0
full	20.0
programmers	1.0
acceptable	1.0
receipts	1.0
girls	13.0
what	1412.0
wats	1.0
sort	1.0
nope	57.0
hair	6.0
due	5.0
winning	1.0
made	53.0
achieved	1.0
ahve	1.0
wasted	1.0
bio	5.0
jokessssss	1.0
mission	2.0
privacy	1.0
ninja	1.0
everywhere	4.0
evr	1.0
picture	37.0
pop	1.0
sexually	1.0
note	1.0
:‚Äë[	2.0
ones	5.0
urdu	2.0
aaah	1.0
creating	5.0
edgy	1.0
incidentally	1.0
shutting	1.0
addressed	1.0
ryt	2.0
dose	23.0
smash	1.0
players	3.0
would	120.0
somebody	7.0
pig	7.0
pretty	24.0
resist	2.0
dedication	1.0
educated	1.0
dan	1.0
fed	3.0
pass	6.0
sufferings	1.0
n	38.0
respect	7.0
quoting	1.0
diving	1.0
blamed	1.0
bought	6.0
red	18.0
fell	7.0
sarcasm	9.0
nicks	1.0
related	4.0
planning	5.0
üíé	1.0
reality	1.0
play	25.0
mature	1.0
bimbo	1.0
multiply	1.0
doesnst	1.0
domestic	1.0
floor	4.0
disturbed	3.0
ledha	1.0
thant	1.0
trash	46.0
fringe	1.0
twilight	1.0
incident	1.0
jokes	40.0
yold	1.0
vine	1.0
tat	1.0
grab	1.0
hol	2.0
bluff	1.0
instead	6.0
asifa	1.0
farm	1.0
sometime	2.0
cesc	1.0
hahaha	15.0
stunning	2.0
cognac	1.0
star	5.0
mum	2.0
corpus	1.0
height	4.0
patner	1.0
deserve	16.0
pzzzz	1.0
algo	1.0
fact	12.0
sushi	4.0
able	7.0
spoke	1.0
marley	1.0
broo	1.0
forcing	1.0
dining	2.0
cll	1.0
presenters	1.0
scrolling	1.0
scotish	1.0
nose	37.0
punch	9.0
curlier	1.0
properly	12.0
stip	2.0
delicate	1.0
dates	1.0
elf	3.0
lyng	1.0
hhh	4.0
here	78.0
lovers	2.0
alwaya	1.0
sneaker	1.0
prapose	1.0
including	1.0
plate	1.0
parties	1.0
perfectly	1.0
irritatingne	1.0
elon	2.0
underworld	1.0
fireworks	1.0
monkey	2.0
heck	2.0
decided	1.0
emessage	1.0
coffee	9.0
shy	7.0
brother	68.0
generous	1.0
products	2.0
biryani	2.0
sistem	1.0
loser	11.0
yas	1.0
irritating	212.0
chips	1.0
promise	8.0
thin	3.0
tiffin	1.0
truing	1.0
schooler	1.0
burger	1.0
to	2071.0
000	1.0
cheep	2.0
gotta	4.0
walkman	1.0
mail	5.0
cannot	12.0
thousands	1.0
eelings	1.0
barely	1.0
trueee	1.0
happiness	7.0
helps	1.0
whare	1.0
months	1.0
till	11.0
slap	26.0
amuse	1.0
yourself	55.0
waves	2.0
rlt	1.0
psychology	1.0
helpless	1.0
providing	1.0
proves	2.0
mentioned	1.0
whale	1.0
telling	31.0
msgd	1.0
word	29.0
muscles	1.0
table	1.0
wagging	1.0
theres	2.0
commute	1.0
clarification	1.0
bachchan	1.0
discussed	1.0
understanding	11.0
fails	1.0
brk	1.0
society	4.0
beach	6.0
wen	3.0
tablet	1.0
alls	1.0
bob	1.0
poorly	1.0
orignal	1.0
;	11.0
jovial	1.0
wow	28.0
digital	1.0
lal	1.0
myelf	1.0
yum	1.0
exams	13.0
own	22.0
iphone5s	1.0
panty	1.0
friends_q2b	1.0
aw	2.0
while	18.0
fought	1.0
sophesticated	1.0
indian	12.0
ridiculous	6.0
pounding	2.0
everyday	2.0
college	17.0
plane	2.0
intentions	1.0
thanking	1.0
yoy	2.0
addressing	1.0
interogating	1.0
kanye	1.0
messing	1.0
sequel	2.0
conversations	4.0
aha	1.0
takes	1.0
nor	3.0
diamond	1.0
hahahahaha	2.0
cares	6.0
hers	1.0
laier	1.0
papers	2.0
son	10.0
tomm	1.0
bass	1.0
bands	1.0
ending	4.0
exiting	1.0
yrs	1.0
had	33.0
common	12.0
around	13.0
develop	1.0
seinfeld	2.0
practical	1.0
wanting	1.0
phosphade	1.0
correction	1.0
rudeness	2.0
ambassador	2.0
cause	67.0
lair	1.0
tightly	1.0
grinning	92.0
viva	1.0
balaya	1.0
sciencemba	1.0
attitude	6.0
awe	1.0
therefore	2.0
cs	1.0
smirking	8.0
above	6.0
games	6.0
jobs	1.0
kufe	1.0
grass	1.0
devastated	1.0
d	104.0
asians	1.0
kana	1.0
sry	4.0
romantic	1.0
ordering	1.0
contradictory	1.0
wishing	1.0
interview	1.0
next	10.0
boards	1.0
wallpaper	1.0
devo	1.0
boared	1.0
>;	1.0
weeks	2.0
useless	31.0
dogs	5.0
operating	1.0
spill	3.0
effing	1.0
heavinly	1.0
obvious	5.0
$#	1.0
sensibly	1.0
morning	6.0
elses	1.0
down	28.0
reject	2.0
8	11.0
hub	1.0
misunderstood	2.0
cup	3.0
earlier	5.0
scary	12.0
mondays	4.0
um	7.0
pattern	1.0
rn	3.0
moron	4.0
flipkart	2.0
firstly	1.0
based	1.0
joy	123.0
shirt	3.0
tafseer	1.0
borat	2.0
poet	1.0
kick	3.0
:0	1.0
bills	2.0
interesting	21.0
thanked	1.0
group	1.0
parten	1.0
stupidity	6.0
turn	3.0
step	3.0
courtesy	2.0
neural	1.0
teef	1.0
;‚Äë]	1.0
engineering	1.0
punya	1.0
ph	1.0
might	13.0
kiddin	1.0
untill	1.0
pinch	3.0
œâ	2.0
hotels	2.0
lelly	1.0
iwill	2.0
heh	2.0
obtuse	2.0
sunglasses	1.0
reap	1.0
:‚Äë/	13.0
ake	1.0
sorta	2.0
whp	1.0
sticker	2.0
25	1.0
stronh	1.0
opereter	1.0
beacous	1.0
haye	2.0
carrot	1.0
proved	2.0
laugh	15.0
labeling	1.0
original	2.0
learn	21.0
disgust	1.0
insecure	3.0
legit	1.0
viewpoint	1.0
dirty	3.0
sits	1.0
besides	1.0
rejection	1.0
smarter	3.0
ideas	3.0
provider	2.0
+	12.0
wnt	6.0
bchfhmnvcffgghhjkhhggfvb	1.0
cons	1.0
v	5.0
appointment	1.0
english	28.0
ot	1.0
banglore	2.0
doomed	2.0
opens	1.0
protect	2.0
sleep	51.0
feelings	24.0
yeahh	2.0
judgment	1.0
birtch	1.0
spilt	1.0
heyyyy	2.0
final	1.0
apex	1.0
hat	4.0
tumble	1.0
individual	1.0
worng	1.0
screen	3.0
earnin	1.0
drunk	1.0
theory	6.0
computation	1.0
memory	4.0
fussing	1.0
interfere	1.0
bell	1.0
huuh	1.0
tragic	1.0
rang	1.0
alia	2.0
lesser	1.0
ido	1.0
uwrong	1.0
isp	1.0
british	1.0
dumbest	1.0
porn	1.0
graduation	1.0
packages	1.0
ice	4.0
car	8.0
supid	1.0
female	5.0
program	11.0
üèª	4.0
ewho	1.0
extending	1.0
characters	2.0
urself	7.0
pug	1.0
babe	5.0
dearrr	1.0
shrug	2.0
kid	7.0
doing	41.0
begin	1.0
mary	1.0
christensen	1.0
ra	1.0
al	73.0
during	3.0
edited	1.0
united	1.0
thenkyu	1.0
sin	1.0
significant	1.0
grammar	4.0
gangs	1.0
magic	1.0
ability	1.0
brownies	1.0
smaller	1.0
live	12.0
swedish	1.0
adorable	1.0
details	2.0
pefok	1.0
pouting	282.0
hhhh	1.0
waisting	2.0
moust	1.0
loose	1.0
dating	1.0
track	2.0
slangs	1.0
active	1.0
line	5.0
mostly	2.0
bhai	1.0
forever	22.0
commend	1.0
'	448.0
63	1.0
snapping	1.0
far	17.0
em	4.0
stamp	1.0
murgi	3.0
atupid	1.0
bitch	135.0
loop	1.0
conclude	1.0
txt	3.0
fun	33.0
playin	1.0
hel	1.0
modd	1.0
interact	1.0
accompany	1.0
bugg	1.0
number	19.0
blue	7.0
camera	1.0
gift	5.0
nerd	1.0
anyonr	2.0
record	1.0
ummm	2.0
af	6.0
flower	1.0
watever	2.0
disturb	45.0
depressed	3.0
talking	288.0
g	7.0
advising	1.0
devote	1.0
sudden	1.0
incredibly	1.0
colors	1.0
judgement	1.0
max	1.0
lassie	1.0
kno	1.0
either	22.0
helping	5.0
focuses	1.0
hidden	1.0
dairy	2.0
selfies	3.0
yee	1.0
planet	3.0
atmosphere	1.0
gibberish	5.0
hats	1.0
creators	9.0
ho	2.0
^^^	2.0
selfishes	1.0
bhagat	1.0
faithful	1.0
slapping	1.0
punches	1.0
and	646.0
üéà	1.0
nicely	1.0
gadhaa	1.0
baby	46.0
honesty	3.0
dough	1.0
lego	1.0
depression	1.0
color	6.0
latter	2.0
beans	3.0
mirror	2.0
shoe	1.0
week	10.0
dreaming	1.0
imp	1.0
md	1.0
til	1.0
.	3303.0
__	2.0
waht	1.0
accepting	2.0
attending	2.0
mba	1.0
unshared	1.0
nonono	1.0
thhis	1.0
associated	1.0
sister	9.0
linked	1.0
personal	4.0
them	59.0
morons	1.0
rush	3.0
grow	2.0
friends_q4a	1.0
becuz	2.0
relations	1.0
taking	14.0
animal	2.0
umm	6.0
complain	2.0
earn	2.0
message	131.0
peeps	1.0
bae	1.0
download	3.0
owner	2.0
lameness	1.0
5	16.0
lately	1.0
fat	11.0
bedtime	1.0
late	14.0
building	3.0
chamical	1.0
yu	4.0
power	3.0
agreed	3.0
sound	10.0
fanboy	1.0
ancient	1.0
dae	1.0
humour	4.0
philosophers	1.0
understainding	1.0
naw	1.0
arranged	1.0
adult	1.0
satisfied	1.0
de	1.0
match	2.0
this	370.0
web	1.0
hangover	2.0
üò¥	4.0
ages	1.0
reports	1.0
iff	1.0
worth	4.0
harami	1.0
man	49.0
our	13.0
want	415.0
messaging	7.0
tuesday	1.0
technical	2.0
arm	1.0
nickname	1.0
apologize	5.0
stupied	1.0
horrible	5.0
gfrnd	1.0
gives	1.0
khh	1.0
roll	2.0
service	4.0
extra	1.0
foolish	8.0
doze	1.0
ogopdegopjgopejogjoemgoesjfo	1.0
bring	3.0
cadbury	1.0
defeat	1.0
dear	10.0
turned	4.0
ahaha	1.0
heartless	1.0
charge	5.0
suck	16.0
senses	1.0
mr	4.0
uhhh	2.0
later	13.0
os	1.0
kapoor	3.0
shunned	1.0
dicks	2.0
peath	1.0
poom	2.0
fly	2.0
wah	1.0
shud	5.0
kinda	14.0
robort	1.0
ruined	2.0
lives	2.0
screw	6.0
bitches	1.0
scientist	2.0
limit	1.0
help	38.0
finally	3.0
orange	3.0
turtles	1.0
educating	1.0
character	6.0
inch	2.0
though	32.0
spot	2.0
wife	2.0
stickers	1.0
aww	13.0
‚ò∫	3.0
installed	1.0
formal	1.0
taxi	1.0
harm	1.0
objectionable	1.0
whi	1.0
scolded	1.0
astonished	2.0
proven	1.0
aaaaaanh	1.0
making	42.0
cus	1.0
mistake	9.0
alive	7.0
effect	1.0
loong	1.0
wonder	2.0
owe	4.0
giant	2.0
likely	1.0
üòµ	1.0
turtle	1.0
suggesting	1.0
carsh	1.0
discarded	1.0
player	3.0
responsibility	1.0
phto	1.0
hoe	1.0
dislikes	1.0
typing	3.0
stressed	2.0
bieber	3.0
chair	7.0
combination	2.0
proper	6.0
special	9.0
fucks	2.0
husted	1.0
scripted	1.0
fantastic	3.0
eco	2.0
finding	1.0
panama	1.0
differently	1.0
managed	1.0
üò≥	2.0
write	13.0
hahahaha	4.0
greedy	3.0
bros	1.0
born	4.0
achu	1.0
revenge	1.0
no	667.0
3	10.0
hugs	2.0
erase	1.0
fucken	1.0
wholesome	1.0
funnnnyyyy	1.0
balls	3.0
dumb	116.0
baords	2.0
monster	3.0
sayings	1.0
bruv	1.0
mentoring	1.0
donor	1.0
lesson	1.0
device	2.0
cheeks	2.0
idiots	9.0
look	40.0
benefit	1.0
areeyyyyyyyyyyy	1.0
come	67.0
smartass	1.0
friday	2.0
shuffle	1.0
equal	2.0
photographer	1.0
mama	3.0
groot	1.0
halla	1.0
strong	8.0
muddy	1.0
patience	1.0
controls	1.0
hrll	1.0
smthin	1.0
written	2.0
jeez	1.0
pee	1.0
hide	2.0
skanky	1.0
kt√≥w	1.0
international	2.0
jurassic	1.0
professional	2.0
stupididty	1.0
confused	15.0
faulty	1.0
unrealistic	1.0
üê¨	1.0
wizard	1.0
hap	1.0
beyond	3.0
offer	1.0
prove	9.0
whut	1.0
scale	1.0
get	436.0
studio	1.0
ash	1.0
gorgeous	1.0
goodbye	11.0
include	1.0
science	14.0
mention	3.0
chatting	28.0
stand	5.0
lasagna	1.0
jawb	1.0
accept	7.0
pull	2.0
directly	3.0
ikr	4.0
nerds	3.0
need	117.0
hold	3.0
sips	1.0
inhate	1.0
sisters	1.0
reasons	7.0
undrstnd	1.0
dominos	1.0
driving	1.0
grammatical	1.0
slept	1.0
logic	4.0
invited	1.0
mutual	5.0
chosen	1.0
blame	3.0
bbye	3.0
apple	2.0
congratulations	1.0
email	1.0
virtue	1.0
50	3.0
sol	1.0
viju	1.0
answrr	1.0
programmer	5.0
tjhell	1.0
offfffffff	1.0
reasoning	1.0
probably	16.0
pagal	1.0
dunno	7.0
actors	2.0
hater	2.0
usually	5.0
onwards	3.0
jb	1.0
cats	11.0
given	5.0
asking	64.0
carry	2.0
dime	2.0
plain	3.0
deep	4.0
restaurant	1.0
oh	199.0
hug	3.0
claiming	2.0
janeman	1.0
fix	8.0
donkey	1.0
lover	1.0
ask	91.0
disgusting	9.0
follow	5.0
alrays	1.0
49	1.0
rain	4.0
intention	2.0
egg	4.0
oof	1.0
aged	1.0
marketed	1.0
thts	4.0
research	1.0
act	5.0
n0w	1.0
spend	4.0
preeti	1.0
paranoid	1.0
happened	35.0
previously	1.0
or	244.0
secret	7.0
it	1131.0
oow	2.0
updating	1.0
creations	1.0
sour	1.0
regret	2.0
gee	1.0
relate	1.0
doodle	1.0
passion	1.0
wonderful	1.0
shiting	1.0
channel	2.0
accident	1.0
mental	3.0
photodon	2.0
chingari	1.0
vakil	1.0
becoz	6.0
17	3.0
ahh	9.0
spoked	1.0
basterd	1.0
luhhhhhhh	1.0
ugliest	1.0
wbu	1.0
neighbors	1.0
shoes	1.0
musk	1.0
expectations	1.0
officially	1.0
repeat	3.0
malayalam	1.0
ip	1.0
sticks	1.0
free	4.0
popular	2.0
200	1.0
ua	1.0
henry	1.0
getting	84.0
motivation	3.0
efficient	1.0
become	6.0
nice	43.0
forgive	4.0
guess	35.0
weirdly	1.0
sand	2.0
wellbut	1.0
accordingly	1.0
m	40.0
looser	1.0
loud	92.0
ditch	1.0
rabies	1.0
uff	6.0
nervous	1.0
silly	22.0
bliss	2.0
loooossst	1.0
howz	1.0
youtube	1.0
stop	207.0
messenger	5.0
particularly	1.0
possible	4.0
spelling	2.0
euro	1.0
tomorrow	15.0
seriousness	1.0
jst	6.0
frm	3.0
captain	1.0
daughters	2.0
triumph	1.0
kinds	2.0
things	54.0
celebrate	4.0
tab	1.0
responds	1.0
mee	8.0
conversions	1.0
solution	2.0
tense	1.0
ashes	1.0
fuck	523.0
knights	1.0
judging	6.0
abusive	1.0
close	9.0
ageing	1.0
Ûæåπ	1.0
harry	1.0
_	4.0
winking	9.0
premiere	1.0
ex	3.0
haunt	3.0
itbhere	1.0
friendzone	2.0
options	4.0
gone	21.0
opt	2.0
angel	1.0
memes	1.0
pill	1.0
firework	1.0
couples	2.0
database	3.0
place	12.0
chats	1.0
display	3.0
copl	1.0
tlike	1.0
zoning	3.0
afternoon	1.0
implications	1.0
meaningless	4.0
flim	1.0
medication	1.0
kingdom	1.0
panipat	1.0
dancer	2.0
scolding	2.0
appologize	1.0
gladly	1.0
straightforward	1.0
weekends	3.0
not	3483.0
tap	1.0
resume	1.0
disrespectful	1.0
weird	15.0
moral	1.0
acha	1.0
cos	4.0
doctor	8.0
honestly	4.0
checked	2.0
inner	3.0
stark	1.0
cacter	1.0
fire	2.0
slaps	2.0
price	3.0
candy	2.0
immortal	1.0
punish	1.0
04	1.0
automatically	2.0
sucking	2.0
conserving	1.0
glad	13.0
;p	2.0
bitcg	1.0
ugh	12.0
aerobics	1.0
idot	1.0
6	13.0
boyn	1.0
tamizh	1.0
06	1.0
herpes	1.0
replying	23.0
phonegap	1.0
just	542.0
typeface	1.0
speak	33.0
misterious	1.0
suckssss	1.0
bam	1.0
video	11.0
yaaay	1.0
growing	1.0
bright	3.0
qsts	1.0
may	17.0
seems	9.0
bhuvan	1.0
asshole	14.0
skins	3.0
blocking	12.0
mccartney	1.0
ignorance	3.0
helo	1.0
personality	1.0
trru	1.0
former	2.0
dy	2.0
poo	2.0
kissing	15.0
marriage	3.0
worddive	1.0
father	11.0
whtever	1.0
mobile	7.0
warm	1.0
anger	14.0
dump	3.0
phewww	1.0
needn	1.0
wch	1.0
blood	1.0
if	220.0
shutup	9.0
yoni	1.0
assignments	2.0
precious	2.0
him	46.0
rise	1.0
handsy	1.0
funding	1.0
confidence	3.0
nan	1.0
nothin	1.0
clients	3.0
fist	4.0
motherfucker	5.0
wh	2.0
chess	2.0
term	4.0
woah	2.0
veryu	1.0
application	2.0
bludy	1.0
aunty	2.0
mms	1.0
learning	7.0
sensible	1.0
knowww	1.0
blowing	5.0
posted	2.0
possibly	2.0
frowning	12.0
steven	3.0
trust	19.0
watching	5.0
looked	1.0
out	193.0
umder	1.0
find	37.0
hhunnn	1.0
hobby	1.0
became	5.0
haa	5.0
charades	1.0
expecting	2.0
priority	1.0
his	8.0
tumbler	1.0
meanin	3.0
chilll	1.0
stupif	1.0
student	6.0
apologies	1.0
join	7.0
anguished	9.0
essential	1.0
29	1.0
cutting	1.0
mummy	1.0
unless	4.0
hormonal	1.0
willl	1.0
cheaters	4.0
troll	2.0
invent	2.0
meets	1.0
hahha	1.0
thn	7.0
yup	9.0
wedding	1.0
taken	3.0
id	8.0
swimming	1.0
places	2.0
said	149.0
hot	11.0
casual	1.0
has	38.0
tally	1.0
who	231.0
stool	2.0
desperate	2.0
xoxo	1.0
sharing	1.0
somedbody	1.0
cope	1.0
shameless	1.0
luck	11.0
wor	1.0
ing	1.0
iphone	2.0
depressede	1.0
tour	1.0
moka	1.0
bhosdike	1.0
babies	1.0
boyfriend	31.0
bull	3.0
competing	1.0
utterly	1.0
favourite	8.0
hi	18.0
disrespect	2.0
panties	1.0
oofff	1.0
mm	2.0
fd	1.0
üë∫	1.0
organism	1.0
safe	2.0
wrote	5.0
shittiest	1.0
quote	5.0
attributes	1.0
wiil	1.0
thing	68.0
bullshit	9.0
coming	11.0
youe	1.0
respond	6.0
tolerate	3.0
goals	1.0
wise	4.0
roomate	1.0
obviously	13.0
ignore	23.0
alter	1.0
helpful	4.0
chuth	1.0
_____	1.0
commuting	1.0
prejudistic	1.0
responding	4.0
exceed	1.0
girl	75.0
nambar	1.0
banchod	1.0
8')	1.0
missing	6.0
tired	22.0
orkut	1.0
transit	1.0
ptoject	1.0
gulp	1.0
eat	24.0
shhhh	1.0
ll	7.0
tong	100.0
deactivated	1.0
crore	1.0
gains	1.0
system	7.0
dreamz	1.0
plan	4.0
answering	11.0
measured	1.0
solve	4.0
event	1.0
aggression	1.0
meaning	15.0
yucckkk	1.0
zoozoo	1.0
noob	3.0
assignment	1.0
reflection	1.0
nation	1.0
such	52.0
astronaut	1.0
]	2.0
twice	2.0
underestimate	1.0
jump	4.0
punny	1.0
raising	2.0
net	1.0
dumbasssssee	1.0
quicly	1.0
desperately	1.0
empty	1.0
sd	1.0
proposal	1.0
bless	4.0
acute	2.0
pillow	1.0
problems	6.0
relatively	1.0
watch	22.0
themselves	2.0
viola	1.0
nazi	1.0
parameters	1.0
into	14.0
perfect	11.0
how	321.0
leaving	9.0
unintentionally	1.0
toronto	2.0
hmm	53.0
she	55.0
fave	1.0
peace	2.0
charuta	2.0
doggy	1.0
sleepy	4.0
halo	2.0
malhotra	2.0
flash	1.0
noticed	1.0
conversation	22.0
lake	2.0
‚ôÄÔ∏è	1.0
salad	1.0
size	2.0
ruth	3.0
grown	2.0
lot	31.0
butter	1.0
o	7.0
ferrari	1.0
temper	2.0
irritater	1.0
arw	3.0
feminine	1.0
visit	3.0
scene	1.0
olives	1.0
heart	72.0
khufia	1.0
cht	1.0
laungages	1.0
london	1.0
sajeev	1.0
motorsports	1.0
ugly	47.0
roger	1.0
ham	1.0
cunt	6.0
mam	1.0
bender	1.0
goin	1.0
gents	1.0
argument	2.0
level	3.0
self	20.0
protein	3.0
75	1.0
southy	2.0
actor	4.0
rephrase	1.0
fake	87.0
first	42.0
temperd	1.0
satisfaction	1.0
can	387.0
fear	2.0
situation	1.0
dying	2.0
dipression	1.0
animenl	1.0
fool	41.0
sarcastic	5.0
hero	1.0
interested	42.0
algorit	2.0
differing	1.0
express	1.0
offensive	1.0
ups	3.0
licked	1.0
acknowledge	1.0
interest	4.0
cans	1.0
league	2.0
motivated	1.0
than	69.0
wwe	3.0
doesnt	3.0
üö¨	1.0
huh	34.0
hearing	1.0
water	11.0
agree	12.0
leading	1.0
ignored	8.0
optimism	1.0
yor	2.0
choclates	1.0
brushless	1.0
yaara	1.0
gng	1.0
outrunning	1.0
un	1.0
bcouse	1.0
software	15.0
treatment	1.0
intimidating	2.0
generate	1.0
cupboard	1.0
mammoth	1.0
flirty	1.0
literally	9.0
wher	1.0
negative	1.0
ignorence	1.0
beleive	3.0
belieber	1.0
chill	8.0
mentioning	1.0
singer	3.0
lear	1.0
gdxkgasgc	1.0
ignores	1.0
teeth	2.0
pursuing	1.0
below	1.0
gosh	2.0
tress	1.0
ducks	1.0
rachel	2.0
hearts	1.0
socially	1.0
died	2.0
precius	1.0
present	2.0
krk	1.0
/	25.0
goosebumps	1.0
front	4.0
engineer	4.0
sane	1.0
stuufs	1.0
editor	1.0
autocorrect	1.0
kal	1.0
latr	1.0
students	3.0
hsate	1.0
typical	3.0
legally	1.0
asl	1.0
hod	1.0
support	3.0
manga	1.0
nerdyaddy	1.0
equilibrium	1.0
purchase	1.0
couldve	1.0
angst	2.0
‚Äç	4.0
hoes	1.0
ü§î	6.0
accurate	1.0
bask	1.0
unsubscribe	1.0
moti	1.0
hey	51.0
dirtynaughty	1.0
contest	2.0
stairs	1.0
pervert	1.0
i	5434.0
shade	1.0
thinking	17.0
drifting	1.0
unisex	1.0
committed	1.0
ahit	1.0
night	24.0
indians	3.0
technology	3.0
same	80.0
dint	2.0
length	1.0
unconditional	1.0
ethics	1.0
appreciate	3.0
bothers	1.0
dramatic	1.0
sky	6.0
hardly	4.0
realstik	1.0
candles	1.0
lazy	10.0
nowhere	2.0
asshle	1.0
hides	1.0
üíû	2.0
shallaa	1.0
bit	20.0
depend	1.0
kk	2.0
sundays	1.0
philosopher	1.0
railways	1.0
spoiled	2.0
world	30.0
sorry	166.0
heena	1.0
on	267.0
office	7.0
imma	1.0
terrible	2.0
slipped	1.0
dp	6.0
lift	1.0
body	9.0
err	2.0
byee	4.0
blond	1.0
assistants	1.0
mat	1.0
designed	1.0
woman	13.0
ü§•	1.0
joking	7.0
faggot	1.0
use	36.0
ludo	1.0
cared	2.0
askin	2.0
rated	1.0
shurt	1.0
dafaq	3.0
wreck	1.0
single	8.0
dog	17.0
frndzzz	2.0
fuddu	1.0
eatin	1.0
insane	3.0
relationship	11.0
excited	1.0
whre	1.0
funk	2.0
mask	2.0
created	3.0
mentor	2.0
‚Äº	6.0
:$	2.0
riddles	1.0
wrong	90.0
terminator	1.0
dragging	1.0
aim	1.0
queen	2.0
;))	1.0
gender	1.0
colleges	2.0
scared	8.0
among	1.0
mint	1.0
cartoon	2.0
üêû	1.0
actot	1.0
avoiding	2.0
studying	13.0
messaged	2.0
ragged	1.0
whiskey	1.0
tomatoes	2.0
recently	2.0
pensive	7.0
model	1.0
hour	1.0
fuckin	12.0
spread	1.0
stealing	1.0
chics	1.0
stole	1.0
ping	4.0
translated	1.0
other	45.0
chocolate	6.0
fearful	2.0
smiley	3.0
point	20.0
gta	1.0
territory	1.0
consciousness	2.0
amazon	2.0
low	4.0
competition	1.0
champion	1.0
privatize	1.0
taught	2.0
‚Äã	2.0
reacting	2.0
excuse	7.0
shattered	1.0
version	1.0
nollywood	1.0
cuisine	1.0
arrogant	7.0
statement	2.0
pleasure	5.0
starts	1.0
pursnal	1.0
voucher	1.0
refused	1.0
chup	3.0
bayyyyyyyyyyy	1.0
offense	1.0
insist	1.0
applicable	1.0
anothr	1.0
familiar	1.0
left	12.0
conform	1.0
fernando	2.0
excel	1.0
werterners	1.0
enough	38.0
cruah	1.0
tooo	3.0
9	5.0
ahead	2.0
dragged	1.0
request	1.0
choke	1.0
halloween	5.0
chetan	1.0
beard	1.0
reached	4.0
lacking	1.0
compatible	1.0
believe	40.0
status	1.0
terms	2.0
were	64.0
sneeze	1.0
miss	12.0
books	8.0
wool	1.0
non	21.0
sleeping	5.0
poems	1.0
inside	6.0
rethinking	1.0
hellow	1.0
69	1.0
anymore	61.0
hugging	1.0
qualification	1.0
:^*	2.0
topa	1.0
keeps	4.0
great	30.0
üêí	1.0
condoms	1.0
unleash	1.0
hospital	1.0
nevermind	3.0
fawad	1.0
five	6.0
sugar	3.0
sink	1.0
sadke	1.0
disappoint	4.0
:'‚Äë(	2.0
schema	1.0
üëÖ	1.0
alot	2.0
goo	2.0
aboit	2.0
bank	1.0
crash	1.0
capital	1.0
upgraded	2.0
provides	1.0
colourful	1.0
much	100.0
boss	8.0
anonymous	1.0
shame	26.0
enjoyed	1.0
rest	2.0
looks	10.0
suggested	1.0
f	14.0
never	162.0
10	5.0
failing	1.0
honest	7.0
extreme	1.0
wassup	2.0
disclose	1.0
chakkha	1.0
¬ø	5.0
iron	1.0
pieces	1.0
saar	2.0
abusing	1.0
kochi	1.0
user	1.0
race	3.0
ideal	2.0
aaaah	1.0
sunshine	2.0
received	1.0
sexy	2.0
imo	1.0
dancing	3.0
bra	2.0
frequently	1.0
messages	23.0
minimum	1.0
robot	38.0
wealth	1.0
shift	1.0
positive	1.0
soy	1.0
japanese	1.0
que	1.0
pc	1.0
:s	3.0
staying	2.0
insulting	10.0
task	1.0
lack	5.0
prefer	6.0
copied	1.0
block	52.0
abset	1.0
dsturb	1.0
tough	2.0
distributor	1.0
superiority	1.0
shall	6.0
brand	2.0
weekend	3.0
gum	2.0
favorite	7.0
bottom	1.0
swear	5.0
responses	3.0
vid	2.0
easier	1.0
emotions	5.0
acting	7.0
april	1.0
romantically	2.0
gentelmen	1.0
protection	1.0
younif	1.0
fuxk	1.0
stating	1.0
haha	50.0
hungry	4.0
lil	5.0
exists	1.0
attracted	1.0
engaging	1.0
win	4.0
van	1.0
liking	3.0
bsccomputer	1.0
severe	1.0
correlate	1.0
yuuuhhhh	1.0
yummers	2.0
library	1.0
move	13.0
tests	1.0
videos	1.0
diem	1.0
12	2.0
doubt	3.0
eva	2.0
spider	1.0
invites	2.0
folded	2.0
meow	1.0
yus	3.0
servant	1.0
pet	1.0
senior	1.0
getlost	2.0
bunny	1.0
widely	1.0
mount	2.0
stomach	2.0
mad	42.0
annoys	4.0
messes	1.0
years	5.0
outstanding	1.0
greeter	1.0
hyderabad	1.0
form	4.0
daft	4.0
becouse	1.0
üòà	4.0
philosophy	3.0
wanted	22.0
cry	17.0
ffs	1.0
wednesday	1.0
cat	104.0
lab	1.0
tryin	1.0
services	1.0
wrkng	1.0
worst	21.0
agreeing	2.0
animation	1.0
wear	3.0
hate	943.0
bye	168.0
letting	4.0
position	1.0
nut	1.0
haunting	1.0
excite	1.0
piss	12.0
rockstar	1.0
select	2.0
e	124.0
translate	2.0
alien	1.0
wisdom	1.0
cut	3.0
lioness	1.0
realistic	4.0
deserves	2.0
nuts	3.0
mixed	1.0
metal	3.0
children	2.0
format	1.0
bsy	1.0
will	430.0
ble	1.0
crush	3.0
dumbass	32.0
consciouness	1.0
smarty	1.0
padayi	1.0
hallucination	1.0
blonde	2.0
facuk	1.0
nutella	1.0
doctorate	1.0
propose	3.0
reduced	1.0
gossip	1.0
signs	1.0
improve	1.0
open	15.0
icloud	1.0
atleast	5.0
rains	1.0
survive	1.0
torturing	1.0
implied	1.0
swes	1.0
programme	3.0
mark	4.0
sell	1.0
clearly	11.0
surgery	2.0
knoe	1.0
advice	7.0
style	2.0
joint	1.0
bad	124.0
th	5.0
putting	3.0
waahh	1.0
news	8.0
question	59.0
have	435.0
enemies	1.0
refuse	1.0
gif	1.0
ch	3.0
subject	5.0
daily	3.0
reaction	7.0
ban	3.0
invitation	2.0
you	7388.0
pops	1.0
yahoo	1.0
misconception	1.0
jok	1.0
bunch	1.0
they	110.0
bored	13.0
class	5.0
damning	1.0
anywhere	5.0
scard	1.0
three	3.0
vacations	1.0
controversial	2.0
hostel	2.0
jelly	1.0
told	43.0
breakup	3.0
quick	3.0
grades	1.0
nimsy	1.0
drum	1.0
goddamn	1.0
haaaa	1.0
responded	4.0
sassy	2.0
equally	2.0
rip	2.0
selflessness	1.0
neva	2.0
pimples	1.0
;_;	2.0
wth	1.0
ghost	1.0
mouth	18.0
false	4.0
mahesh	1.0
rtfully	1.0
bundled	1.0
us	64.0
bear	2.0
emotional	1.0
hindhi	1.0
chem	1.0
attack	1.0
represent	4.0
friend	124.0
nowwww	1.0
shit	56.0
fresh	1.0
apparently	7.0
an	100.0
river	4.0
pant	1.0
season	3.0
freedom	1.0
company	1.0
film	4.0
kids	1.0
certain	1.0
ilove	1.0
search	4.0
public	2.0
discuss	3.0
cold	9.0
thst	1.0
grad	1.0
killed	2.0
once	7.0
angle	2.0
option	4.0
ross	2.0
panjim	1.0
times	16.0
planes	1.0
üë™	5.0
aye	1.0
rascal	5.0
lie	24.0
rolling	10.0
ths	2.0
skills	2.0
broad	1.0
typo	3.0
true	24.0
khan	5.0
br	2.0
:'‚Äë)	1.0
starting	5.0
100%	5.0
evil	10.0
üí§	3.0
honey	3.0
robos	2.0
chet	1.0
smack	2.0
deeper	1.0
two	11.0
eric	1.0
disclosing	1.0
somehow	1.0
languages	4.0
sexual	1.0
bacon	2.0
racist	2.0
brah	2.0
image	3.0
numb	1.0
diffrent	1.0
irritates	3.0
shrugs	1.0
pike	1.0
destroyed	1.0
network	1.0
cannon	1.0
university	2.0
warn	1.0
that	954.0
ass	37.0
kajol	1.0
üôä	1.0
freindship	1.0
pay	4.0
worried	1.0
perceptive	1.0
violent	1.0
cowardly	1.0
watering	1.0
feb	1.0
your	705.0
amount	5.0
flavour	2.0
üè°	1.0
filmy	1.0
amused	1.0
abut	1.0
pain	10.0
jobless	1.0
identify	1.0
hurts	6.0
long	16.0
apathy	1.0
rage	1.0
days	8.0
unnecessary	3.0
others	8.0
master	1.0
donot	2.0
obey	1.0
probable	1.0
emailed	2.0
upgrade	2.0
wd	1.0
limitations	1.0
each	6.0
whom	11.0
instant	1.0
know	614.0
bai	2.0
holes	1.0
held	1.0
dismantle	1.0
boy	4.0
myself	46.0
jerry	1.0
alone	28.0
whatsoever	1.0
rs	2.0
weather	4.0
messi	1.0
passing	1.0
=(	1.0
anhmote	1.0
home	32.0
lier	13.0
gudn8	1.0
movei	1.0
super	10.0
crowd	1.0
redfort	1.0
speech	2.0
customers	1.0
portal	1.0
tommrow	1.0
wrud	1.0
doctors	1.0
nagger	1.0
date	7.0
similar	2.0
asnwering	1.0
exact	1.0
guinness	1.0
problem	54.0
studes	1.0
follish	1.0
scream	3.0
races	1.0
spell	3.0
working	11.0
rooms	1.0
comes	4.0
üëÜ	4.0
uninstall	2.0
yes	475.0
cookie	2.0
put	9.0
really	217.0
fr	2.0
deal	4.0
insulted	5.0
$10	1.0
networks	2.0
nthin	1.0
wishes	2.0
sets	1.0
some	66.0
sense	51.0
ridicilous	1.0
arrogantly	1.0
exception	1.0
spoiling	1.0
=<	2.0
thi	1.0
thoughts	2.0
rightttt	1.0
characterless	1.0
text	61.0
shaking	1.0
numerical	1.0
cricket	8.0
emai	1.0
intercourse	1.0
(;	1.0
saturday	3.0
criminal	1.0
small	4.0
closing	1.0
den	3.0
coding	1.0
nai	1.0
information	4.0
boys	9.0
lumia	2.0
nearest	2.0
roasting	1.0
textbooks	2.0
my	652.0
imaginary	2.0
fooled	3.0
areeh	1.0
;-;	3.0
yuh	1.0
beera	1.0
art	4.0
cards	1.0
behind	6.0
impress	1.0
defined	1.0
whiskeys	1.0
reactions	1.0
easy	4.0
burn	1.0
reduce	1.0
copy	1.0
pick	2.0
loops	1.0
chocolates	4.0
homeless	3.0
halfway	1.0
data	3.0
basketball	1.0
dummy	2.0
artifical	1.0
ntt	1.0
soup	2.0
mars	2.0
department	1.0
met	5.0
answers	12.0
nigga	1.0
predict	2.0
seem	14.0
drink	7.0
moment	12.0
stake	2.0
pity	1.0
untrue	1.0
pakaoo	1.0
roaming	1.0
robots	4.0
certainly	4.0
facts	5.0
nither	1.0
hh	9.0
sandwich	1.0
uughhhh	1.0
becoming	1.0
daniels	1.0
broken	7.0
pony	3.0
was	275.0
thanos	1.0
hotter	1.0
bffs	2.0
commercial	1.0
listen	22.0
selena	1.0
hue	1.0
tats	1.0
divert	3.0
lunatic	1.0
someday	2.0
offf	1.0
rts	1.0
orphanage	1.0
accusing	1.0
shitty	2.0
naming	1.0
processing	1.0
difficulty	1.0
righ	2.0
dies	1.0
ooo	1.0
hello	21.0
quality	2.0
lesbian	1.0
fruits	1.0
feeling	28.0
posts	2.0
smiles	1.0
wrongly	1.0
hear	21.0
offend	1.0
feels	10.0
eid	1.0
pple	1.0
cutest	2.0
cream	2.0
anybody	2.0
expexted	1.0
cpu	1.0
argh	1.0
uncle	4.0
bothering	2.0
promised	1.0
bose	1.0
tickets	1.0
tou	4.0
sgit	1.0
figuring	1.0
day	67.0
cam	1.0
items	1.0
catching	1.0
nothing	164.0
üíÅ	1.0
sake	3.0
cringe	3.0
craziest	1.0
10000	1.0
nba	1.0
none	11.0
authenticity	1.0
mornon	1.0
dressed	1.0
scaring	1.0
award	1.0
impossible	1.0
sorryyy	1.0
rted	4.0
ride	1.0
unbearable	1.0
demotivated	1.0
spelt	1.0
mistakes	10.0
suffering	3.0
ye	1.0
nokia	3.0
ans	3.0
elaborate	1.0
24	1.0
bud	1.0
^	2.0
bet	1.0
offline	4.0
overing	1.0
calling	20.0
zootopia	1.0
work	37.0
puc	1.0
boribg	1.0
toy	1.0
county	1.0
provide	1.0
khaki	1.0
figures	1.0
!	924.0
before	22.0
dost	1.0
senceles	1.0
fall	3.0
activities	1.0
dark	2.0
<eos>	11012.0
comedy	2.0
nazar	1.0
drums	1.0
counseling	1.0
ahhh	1.0
bustard	1.0
earth	6.0
liars	3.0
site	1.0
charm	1.0
chating	4.0
sach	1.0
away	62.0
team	10.0
math	7.0
re	29.0
intelligent	10.0
base	1.0
wind	1.0
room	4.0
integrated	1.0
think	186.0
sam	1.0
oo	3.0
treasure	1.0
lead	4.0
sed	1.0
disappointing	1.0
kislay	1.0
fish	7.0
poster	1.0
fiance	1.0
bby	1.0
misunderstand	1.0
reprogrammed	1.0
rejections	1.0
consult	1.0
series	6.0
delete	19.0
1am	1.0
cheap	8.0
maar	2.0
desires	1.0
rnda	1.0
rockin	1.0
studies	2.0
bigger	2.0
victory	1.0
47	1.0
dad	4.0
criticize	2.0
rudr	2.0
humor	4.0
slow	3.0
-	98.0
referring	2.0
straight	2.0
exam	10.0
lyfe	1.0
asleep	1.0
core	4.0
yyyy	1.0
üñï	33.0
tips	2.0
sanctimonious	1.0
hollywood	1.0
thinkin	1.0
storms	1.0
quiet	3.0
formual	1.0
apologized	1.0
apologetic	1.0
fixers	1.0
awwww	1.0
females	2.0
proposals	2.0
answer	67.0
hypothetical	1.0
animals	1.0
cuter	1.0
fair	4.0
nerves	1.0
queues	1.0
alvida	3.0
=c	1.0
blocked	16.0
intend	1.0
ai	66.0
ter	1.0
promises	1.0
schooling	1.0
also	1.0
wailant	1.0
objective	1.0
altogether	3.0
business	16.0
happpy	2.0
slots	1.0
europe	1.0
annoying	212.0
meeting	1.0
idea	20.0
naa	4.0
birds	2.0
sea	2.0
singing	4.0
listicle	1.0
rec	1.0
multiplayer	1.0
horror	6.0
1	28.0
breaks	1.0
cock	2.0
mw	1.0
turkish	4.0
fk	1.0
only	108.0
yong	1.0
creatively	1.0
sweety	1.0
remake	1.0
copious	1.0
produce	1.0
posh	1.0
yaaa	2.0
savage	2.0
design	1.0
after	24.0
fan	8.0
ishkwaji	1.0
returned	1.0
weak	2.0
hahahha	2.0
cool	50.0
abviously	1.0
surface	2.0
nothinh	1.0
frankly	1.0
insensitive	1.0
actions	3.0
jumps	1.0
haemorrhage	1.0
opps	2.0
correctly	2.0
alme	1.0
makin	1.0
pictures	5.0
everyone	41.0
leaf	1.0
le	1.0
finished	2.0
<	9.0
chivalry	1.0
worries	1.0
sunday	6.0
headache	2.0
entertained	1.0
buggy	1.0
nasa	1.0
guessed	1.0
irk	1.0
still	62.0
edit	1.0
fooling	1.0
yaar	17.0
blind	5.0
enjoy	10.0
okay	1.0
efoejgoegopseopfpoefopesfop	1.0
wasting	18.0
tbh	4.0
lassi	1.0
jokr	1.0
ques	2.0
ar	3.0
mistaken	1.0
globes	1.0
medicine	3.0
cheater	10.0
biggest	4.0
tlak	1.0
mj	1.0
makeup	3.0
wasnt	2.0
gave	6.0
adv	1.0
hall	1.0
sh	1.0
women	3.0
takin	1.0
splitsvilla	1.0
passed	1.0
reading	9.0
dreams	7.0
using	9.0
kites	1.0
unmber	1.0
facepalm	1.0
understandig	1.0
for	370.0
clothes	1.0
tok	2.0
generally	1.0
wicked	1.0
fired	1.0
mahn	1.0
confusing	9.0
ran	4.0
soft	1.0
shtup	2.0
took	6.0
tech	5.0
ahahahahahaha	1.0
bore	7.0
trailer	1.0
loves	5.0
answered	4.0
gobarr	1.0
collage	1.0
wnaa	1.0
nestle	1.0
hon	1.0
talak	1.0
talented	1.0
flu	1.0
lawl	1.0
windows	2.0
maker	1.0
brilliant	1.0
genuine	3.0
ypu	4.0
brozoned	1.0
regular	3.0
clean	2.0
santa	1.0
goggles	1.0
stick	2.0
convey	3.0
midnight	1.0
yrr	1.0
head	23.0
through	5.0
fokkal	1.0
amazing	3.0
bastard	9.0
buddy	12.0
perhaps	4.0
sometimes	28.0
credibility	1.0
anyways	7.0
mess	2.0
bots	8.0
papa	2.0
gtfo	2.0
waste	30.0
proposing	1.0
watched	6.0
freind	3.0
srk	3.0
repulsive	2.0
tatti	1.0
sorries	1.0
cough	2.0
trouble	2.0
persons	3.0
armstrong	2.0
forgiveness	2.0
st	2.0
bitchh	1.0
)	24.0
cooking	2.0
spin	1.0
üò∞	3.0
whatcha	1.0
annoyed	83.0
yells	1.0
thnk	1.0
academy	1.0
introduction	1.0
at	176.0
ruining	1.0
boat	1.0
disease	1.0
friggin	1.0
unpleasant	1.0
medias	1.0
wana	3.0
name	47.0
ratta	2.0
train	3.0
removed	2.0
fight	17.0
partly	1.0
alrdy	1.0
apples	1.0
2018	1.0
trolls	1.0
reminded	1.0
hence	2.0
tagged	2.0
recent	1.0
getlst	1.0
kannada	1.0
spoken	2.0
polite	5.0
placed	1.0
t	25.0
school	10.0
onto	2.0
unlimited	1.0
infinity	1.0
sales	2.0
development	1.0
rainbows	1.0
giants	1.0
infront	2.0
sajid	2.0
heeaaadd	1.0
jerk	5.0
convo	4.0
studip	1.0
wall	1.0
fixed	5.0
works	4.0
surely	5.0
yuvraj	2.0
whoever	1.0
tyoe	1.0
realise	2.0
mnts	1.0
black	5.0
üëª	1.0
rogue	1.0
ah	5.0
abuse	4.0
add	5.0
round	5.0
shits	1.0
spilling	1.0
he	48.0
repeating	4.0
tumblr	1.0
woth	1.0
challenge	1.0
dhoni	4.0
sided	1.0
nicer	1.0
:'o	1.0
cleaning	1.0
andstay	1.0
pile	1.0
layout	2.0
root	2.0
initiative	1.0
more	109.0
her	23.0
*	83.0
pumped	2.0
stored	1.0
consider	2.0
Ô∏è	4.0
uncontrollably	1.0
money	18.0
lmao	3.0
donno	1.0
sick	3.0
circa	1.0
üêç	1.0
gasp	3.0
define	4.0
#$	1.0
meet	17.0
itunes	1.0
annoy	17.0
these	28.0
dobt	1.0
pushing	1.0
oyyy	1.0
nup	1.0
hahah	6.0
worse	9.0
proving	2.0
approach	1.0
battery	1.0
malik	2.0
supplement	1.0
music	18.0
pink	7.0
nopes	2.0
#change	1.0
admin	1.0
sober	1.0
delay	1.0
vpns	1.0
often	3.0
cake	2.0
beaming	18.0
coc	1.0
nownim	1.0
again	189.0
future	8.0
vines	1.0
sure	52.0
üå±	1.0
standard	1.0
dc	1.0
blessings	1.0
national	1.0
byr	1.0
lyt	1.0
certificate	1.0
correct	9.0
killing	1.0
nudea	1.0
rough	1.0
imagine	2.0
galaxy	1.0
favorate	1.0
squinting	17.0
cleveland	1.0
yoi	1.0
card	2.0
instructor	1.0
uggghhhhh	1.0
cell	3.0
nahh	1.0
Ôºö	1.0
discussion	1.0
inhiman	1.0
ranbir	4.0
kdding	2.0
must	28.0
buying	1.0
sitting	2.0
humblee	1.0
ü§ò	2.0
realize	1.0
pudding	1.0
blah	4.0
response	1.0
teaching	3.0
comical	1.0
goa	1.0
therapy	1.0
creep	1.0
surpises	1.0
village	1.0
sensitive	7.0
lmaorofl	1.0
dumbo	4.0
computerised	3.0
simple	6.0
delineated	1.0
react	1.0
vilain	1.0
puns	1.0
chaep	1.0
soul	5.0
gerrard	2.0
bite	1.0
topic	30.0
pretentious	1.0
tata	1.0
iit	1.0
shhhhhhhh	1.0
signed	1.0
teachers	1.0
sama	1.0
lmk	1.0
funnier	2.0
huge	2.0
david	1.0
curious	4.0
hawwww	2.0
domino	1.0
me	2023.0
beacus	1.0
pen	1.0
writing	7.0
the	997.0
does	46.0
uses	1.0
lord	1.0
awesome	14.0
crowded	1.0
telephone	3.0
meta	1.0
trying	43.0
phenomennon	1.0
sweat	8.0
thankful	1.0
bloodlines	1.0
chills	1.0
blade	2.0
arent	1.0
mouths	1.0
caffeine	1.0
highest	1.0
overexcited	1.0
asked	52.0
very	162.0
avoid	3.0
got	81.0
topƒ±c	1.0
advantage	1.0
ouch	4.0
browsing	1.0
faces	2.0
prominent	1.0
heyy	1.0
outside	2.0
finnish	1.0
hypocrisy	1.0
covered	1.0
unwell	2.0
noon	1.0
refer	2.0
tower	3.0
ghostbusters	2.0
idiotic	3.0
‚Äì	1.0
nov	1.0
hole	10.0
unlike	4.0
detect	1.0
whatever	65.0
song	23.0
commented	1.0
ve	2.0
bloody	16.0
reacts	1.0
snack	1.0
grapics	1.0
j	2.0
ignoring	12.0
tries	1.0
wi	1.0
comment	7.0
total	3.0
loath	1.0
goodbyee	1.0
always	87.0
dirtiest	1.0
showing	3.0
success	1.0
tell	249.0
prick	1.0
deleted	3.0
guessing	4.0
cute	13.0
gulab	1.0
new	22.0
affects	1.0
unking	1.0
top	2.0
control	2.0
main	1.0
smile	4.0
emoji	5.0
comeback	1.0
hope	20.0
understan	1.0
meant	12.0
huhh	1.0
chose	1.0
datatype	1.0
talked	9.0
pussy	6.0
classes	1.0
memories	3.0
mountain	1.0
been	29.0
lightning	1.0
opportunity	1.0
teacher	4.0
crady	1.0
z	1.0
nonsense	57.0
short	3.0
bing	1.0
premise	1.0
bot	53.0
thought	60.0
whether	5.0
glases	1.0
condition	1.0
boundaries	2.0
morality	2.0
chicken	2.0
stup	1.0
becz	1.0
miracle	1.0
happening	4.0
end	15.0
Ôºâ	1.0
study	11.0
js	1.0
lik	1.0
account	5.0
start	16.0
esteem	1.0
produced	1.0
daa	1.0
javascript	2.0
://	1.0
family	5.0
duwa	1.0
firms	1.0
caring	2.0
broke	12.0
mi	3.0
ps	1.0
benefits	1.0
raises	1.0
biased	1.0
unexpected	1.0
hearted	1.0
matters	2.0
bat	2.0
nnnooootttt	1.0
supporting	2.0
boobs	1.0
mor	1.0
faith	4.0
siad	1.0
light	4.0
potty	6.0
artificial	15.0
iove	1.0
favoriate	1.0
handing	1.0
documenting	1.0
shoot	2.0
glory	1.0
another	22.0
expert	1.0
essentially	1.0
signal	1.0
depends	9.0
king	3.0
course	24.0
memorial	1.0
bother	5.0
fav	1.0
smashed	1.0
dunbo	1.0
intha	1.0
oncoming	4.0
ro	2.0
fame	2.0
info	4.0
africa	1.0
raised	1.0
channels	1.0
mybiyfriend	1.0
oroblem	1.0
punished	1.0
chemistry	4.0
general	6.0
robo	5.0
garbage	4.0
disagree	5.0
programmed	4.0
house	9.0
invite	1.0
tells	1.0
history	4.0
happens	8.0
woahh	1.0
confusion	3.0
fault	20.0
exceptions	1.0
shot	2.0
‚Äë	9.0
veg	2.0
book	9.0
dominant	1.0
/:	2.0
wins	1.0
actress	2.0
creator	13.0
aweful	1.0
hhhhh	1.0
normally	3.0
replace	1.0
south	1.0
hometown	1.0
urs	1.0
apply	1.0
belongs	2.0
settling	1.0
naah	3.0
otherwise	15.0
agreement	1.0
plastic	1.0
thingy	1.0
msw	1.0
typed	1.0
ik	3.0
foot	1.0
anoying	1.0
chtng	1.0
points	1.0
whis	1.0
bakwas	2.0
mate	4.0
banyan	2.0
post	4.0
replies	10.0
stab	1.0
manage	2.0
logically	1.0
triple	2.0
replied	8.0
truth	26.0
admire	1.0
manners	2.0
wish	34.0
massege	1.0
wm	1.0
nuisance	2.0
serious	36.0
=	12.0
loads	86.0
available	2.0
stereo	1.0
expected	5.0
pgliiii	1.0
lightly	1.0
eating	3.0
run	5.0
alike	1.0
highway	1.0
vh2o	1.0
wifey	1.0
starbucks	1.0
righteous	1.0
difference	1.0
distract	1.0
encourages	1.0
pineapple	1.0
flan	1.0
creative	1.0
>	15.0
markets	1.0
pretend	2.0
rupees	2.0
forward	2.0
interviewer	1.0
creepy	7.0
correcting	2.0
joker	1.0
tried	8.0
almost	7.0
every1	1.0
according	2.0
abhishek	2.0
nilk	1.0
per	1.0
page	4.0
smartphone	1.0
farah	1.0
talk	581.0
bthng	1.0
shhhhhhhhhhhhhhhhhhhhhhhhhhhhhh	1.0
canned	1.0
stone	1.0
[	1.0
fraud	1.0
kitana	1.0
ladies	2.0
purple	4.0
retarded	2.0
rue	1.0
online	8.0
justin	4.0
acquire	1.0
sachin	2.0
threats	1.0
mixing	2.0
gym	5.0
ahave	1.0
haaye	1.0
analyzation	1.0
vagina	1.0
are	2608.0
engrave	1.0
relative	1.0
pros	1.0
zootropolis	1.0
fright	3.0
aaaaaaahhhhhhh	1.0
sympathy	3.0
unlocked	1.0
üèæ	2.0
baccalaureate	1.0
diplomatic	2.0
tongo	1.0
tea	2.0
kill	31.0
humble	2.0
dinner	3.0
bothered	2.0
uploading	1.0
applying	1.0
ama	1.0
neil	2.0
came	13.0
profile	8.0
figure	2.0
disgrace	2.0
hipsters	1.0
whay	1.0
pf	1.0
gona	1.0
starnger	1.0
focus	3.0
sensical	2.0
spent	1.0
opinion	10.0
lucky	3.0
jokeing	1.0
count	3.0
nobility	1.0
selfish	18.0
when	109.0
shut	151.0
rape	1.0
üë©	2.0
downcast	2.0
loook	1.0
less	14.0
behavior	3.0
fond	2.0
chinese	3.0
heated	1.0
double	2.0
having	13.0
msgs	1.0
asswhole	1.0
welcome	15.0
geek	1.0
glide	1.0
different	12.0
shocked	3.0
slightly	17.0
minded	3.0
everybodu	1.0
upon	4.0
moved	3.0
job	21.0
naaaaaa	1.0
_not_	1.0
babu	2.0
rice	1.0
grandfather	2.0
beer	1.0
therapist	1.0
stranger	3.0
land	4.0
sensei	1.0
30	3.0
pissing	8.0
bsdk	1.0
wave	3.0
inagree	1.0
suggest	12.0
however	1.0
across	3.0
knw	17.0
beginning	1.0
fit	2.0
f*ck	1.0
forced	1.0
brat	1.0
nop	5.0
hereafter	1.0
lower	3.0
recognise	1.0
peoples	2.0
busy	21.0
sickness	1.0
serial	5.0
knowledge	8.0
bubble	1.0
period	1.0
affairs	1.0
circles	1.0
watches	1.0
otta	1.0
pretending	2.0
compliment	5.0
further	3.0
marry	3.0
behaving	2.0
anyoney	1.0
urgent	1.0
nachos	2.0
„Éª	4.0
happen	13.0
darling	9.0
winter	1.0
hmmm	1.0
wine	1.0
yea	18.0
crying	54.0
heartbroken	1.0
update	3.0
pics	3.0
vague	2.0
pizza	9.0
give	84.0
coefficients	1.0
creativity	2.0
kaho	2.0
dunb	1.0
baked	1.0
gff	2.0
wanna	157.0
instantly	1.0
brainless	3.0
filter	2.0
weeping	1.0
like	491.0
ruuuuh	1.0
current	2.0
diploma	1.0
poor	11.0
west	2.0
nucleya	1.0
male	3.0
hours	9.0
somewhere	2.0
ball	1.0
link	1.0
toking	1.0
kw	1.0
fack	1.0
maintain	1.0
minutes	1.0
orders	1.0
autonomously	1.0
thumbs	20.0
pubs	1.0
required	1.0
hav	2.0
websites	2.0
real	58.0
vande	2.0
extremely	2.0
delusional	3.0
gawd	1.0
training	1.0
walked	1.0
aren	1.0
songs	9.0
brick	2.0
types	1.0
jus	7.0
catch	5.0
needs	4.0
nuumber	1.0
msgng	2.0
blabbering	2.0
stopped	3.0
detective	1.0
should	114.0
connecting	1.0
reminds	1.0
psyco	1.0
hell	218.0
opened	1.0
kittens	1.0
pathetic	14.0
button	1.0
google	17.0
changing	5.0
üåû	1.0
gossips	1.0
irritatae	1.0
monday	3.0
brush	1.0
wake	5.0
aaking	1.0
humidity	2.0
innocent	2.0
under	5.0
depts	1.0
spam	1.0
definition	3.0
whoa	2.0
by	107.0
gunyt	1.0
missed	11.0
racict	1.0
value	1.0
skydiving	3.0
longer	1.0
justsaying	1.0
reude	1.0
tr	1.0
bugs	2.0
mums	2.0
cont	1.0
doin	4.0
alright	9.0
loved	4.0
rude	390.0
quitting	1.0
texted	2.0
wink	40.0
yupp	1.0
explain	15.0
white	7.0
silent	2.0
20	3.0
temme	1.0
educate	1.0
warmer	1.0
show	32.0
slapped	7.0
good	213.0
bakchod	1.0
america	1.0
wait	29.0
haggu	2.0
remove	2.0
nuded	1.0
risk	1.0
painning	1.0
talkin	2.0
country	10.0
chalega	1.0
limits	1.0
maybe	16.0
heheh	1.0
both	18.0
possibility	1.0
coupns	1.0
freak	1.0
defines	1.0
flip	3.0
odd	1.0
year	5.0
reacted	1.0
brought	1.0
career	2.0
thanks	74.0
click	1.0
younger	1.0
dick	11.0
girlfriends	1.0
code	3.0
intrested	4.0
sentence	3.0
obnoxious	2.0
won	1.0
hiding	5.0
entertain	1.0
mitsuku	1.0
offence	1.0
tho	5.0
madharchod	1.0
wrd	1.0
closed	1.0
tooooooo	1.0
yar	4.0
backstabbed	1.0
username	1.0
lines	2.0
heppens	1.0
hard	34.0
fill	1.0
password	1.0
tongue	10.0
monologur	1.0
went	6.0
topics	4.0
frustrated	25.0
cutie	2.0
useful	1.0
angain	1.0
talks	2.0
cheat	6.0
we	160.0
afford	1.0
death	3.0
compare	1.0
festivals	1.0
referencing	1.0
prostitute	3.0
thru	1.0
dis	7.0
shiw	1.0
seeing	5.0
ended	1.0
hurting	5.0
moon	3.0
kitten	1.0
scienctist	1.0
hoo	3.0
acc	2.0
belonged	1.0
potatoes	1.0
expressing	4.0
mainstream	1.0
rejected	1.0
dangerous	1.0
codes	3.0
dull	2.0
ego	2.0
rudw	2.0
summaries	1.0
jzt	1.0
stubborn	1.0
bust	2.0
disciplined	1.0
lagging	1.0
allo	2.0
40	1.0
fullbmeaning	1.0
bestie	2.0
superstitious	1.0
valentines	3.0
humanity	1.0
questions	35.0
arey	4.0
psssh	1.0
result	1.0
buzz	5.0
finish	5.0
1:30	1.0
dj	2.0
conte	1.0
change	32.0
holidays	1.0
nober	2.0
bey	2.0
factor	1.0
geographical	1.0
persuade	1.0
guys	16.0
tatoos	1.0
approving	1.0
mom	9.0
loosing	1.0
makers	3.0
damn	41.0
die	13.0
second	9.0
ftfy	1.0
tous	1.0
mich	1.0
phone	31.0
apprentice	1.0
funnt	1.0
a	1065.0
irritated	40.0
view	3.0
understands	2.0
deactivate	1.0
smart	27.0
joing	1.0
convinced	2.0
tricked	1.0
breaking	2.0
financial	1.0
website	1.0
laughing	98.0
opposite	4.0
liked	2.0
latest	1.0
computer	20.0
bianca	1.0
nighty	1.0
summer	3.0
which	63.0
yah	2.0
partner	3.0
about	323.0
replay	1.0
knows	7.0
confuse	3.0
sadly	1.0
leg	1.0
momma	2.0
comma	4.0
food	20.0
azure	1.0
entitled	1.0
ation	1.0
reply	136.0
wit	3.0
scold	2.0
flung	1.0
with	784.0
ƒ±n	1.0
dismiss	1.0
door	2.0
primates	1.0
whoops	1.0
one	151.0
least	12.0
everybody	9.0
yeaa	1.0
seen	7.0
excitement	1.0
differ	4.0
l	5.0
originally	1.0
tiger	2.0
testing	2.0
bazaar	1.0
talker	2.0
picky	1.0
suggestion	2.0
msged	2.0
thik	1.0
confirm	1.0
stuff	20.0
tjo	1.0
tree	4.0
ate	3.0
rap	5.0
persevering	6.0
lyrics	4.0
most	22.0
irony	2.0
dead	10.0
intenlligent	1.0
interestingi	1.0
individuals	1.0
explanation	1.0
chapter	1.0
soneone	1.0
yyaaa	1.0
searching	1.0
sent	22.0
implying	1.0
spagett	1.0
knocks	1.0
bleeding	1.0
bug	3.0
caught	2.0
probs	1.0
telll	1.0
beg	4.0
thng	1.0
revert	2.0
lag	1.0
hapnd	1.0
penis	1.0
chatbots	2.0
ana	2.0
pure	2.0
confidently	1.0
purpose	13.0
enjoying	4.0
atm	2.0
jug4	1.0
fuk	5.0
gummo	1.0
constructed	1.0
felt	6.0
h	30.0
cynicism	1.0
ji	1.0
location	3.0
shaming	1.0
read	24.0
photos	2.0
half	12.0
tbhhh	2.0
higher	1.0
shroff	1.0
banished	1.0
difficult	6.0
cover	1.0
surprise	2.0
hob	1.0
films	3.0
sad	130.0
childish	3.0
‚Çπ	1.0
drop	3.0
enlighten	1.0
oxford	1.0
approaches	1.0
deserved	1.0
remembers	1.0
bfs	1.0
caviare	1.0
fully	1.0
living	9.0
eh	6.0
foremost	1.0
@	1.0
log	1.0
whenever	3.0
cousin	1.0
wasseypur	1.0
duck	5.0
uncomfortable	3.0
nossence	1.0
heavy	2.0
boring	26.0
arrest	1.0
concept	1.0
dodge	2.0
normal	5.0
notice	2.0
22	1.0
fucked	13.0
hopefully	5.0
s	68.0
referred	1.0
explaining	1.0
gang	1.0
feel	67.0
üê±	1.0
members	1.0
treated	1.0
month	2.0
saying	79.0
cabbage	1.0
worthless	4.0
introduce	1.0
programming	6.0
jasmine	1.0
bike	2.0
peanut	1.0
awkward	5.0
diggers	1.0
notification	1.0
town	2.0
chance	1.0
passwords	1.0
already	46.0
july	1.0
thint	1.0
teach	8.0
courses	1.0
thiz	1.0
oz	1.0
haters	3.0
immediately	4.0
filthy	1.0
blessed	5.0
until	14.0
bar	3.0
yat	1.0
objects	1.0
compensated	1.0
daughter	1.0
done	32.0
nowadays	1.0
ratings	1.0
dum	1.0
excellent	2.0
decency	1.0
query	1.0
dropped	1.0
share	15.0
send	78.0
slut	6.0
bed	10.0
medicines	1.0
awwwww	1.0
hobbies	2.0
hava	1.0
guide	1.0
stars	2.0
bach	2.0
mean	166.0
danda	2.0
5am	1.0
feature	1.0
aa	1.0
yeps	1.0
monitor	1.0
distracting	2.0
better	48.0
meanie	1.0
bitter	3.0
life	99.0
afterdark	1.0
tickling	2.0
ughh	1.0
seeking	1.0
hated	7.0
nuh	1.0
plus	1.0
linux	2.0
type	18.0
dud	2.0
48	1.0
awww	5.0
hilarious	4.0
natasha	1.0
translation	1.0
tennis	1.0
histetical	1.0
plx	1.0
loss	3.0
best	57.0
effort	1.0
whore	5.0
iterating	1.0
try	51.0
raply	1.0
secrets	1.0
maggie	1.0
proudly	1.0
css	1.0
phase	1.0
behave	3.0
rathore	1.0
hhhhhh	1.0
window	3.0
celebrated	1.0
biber	1.0
photon	1.0
annpying	1.0
lov	1.0
plays	2.0
syllabus	1.0
tattoo	3.0
constantly	1.0
snap	1.0
cinnamon	1.0
nap	2.0
potato	3.0
143	1.0
toe	2.0
remaining	1.0
#registeroyester	1.0
particular	1.0
~	8.0
unutterably	1.0
assistant	1.0
lm	1.0
married	9.0
belt	1.0
row	1.0
idiot	89.0
merry	1.0
taste	1.0
situations	2.0
concentrate	1.0
catperson	1.0
known	5.0
vegina	1.0
charger	1.0
everythng	1.0
visionary	1.0
divya	1.0
app	8.0
club	3.0
especially	1.0
juventus	1.0
spamming	1.0
facing	1.0
piston	1.0
indifference	11.0
ways	4.0
accepted	1.0
11	1.0
fellow	4.0
dress	3.0
drive	1.0
but	450.0
movies	12.0
silence	1.0
cheer	4.0
accidental	2.0
quit	5.0
amy	1.0
crazy	27.0
strangers	2.0
bus	2.0
being	141.0
nigh	1.0
towards	2.0
w	3.0
disturbing	11.0
clote	1.0
fry	1.0
6:15	1.0
quite	8.0
neither	11.0
slum	2.0
maximum	1.0
hom	1.0
bag	1.0
intelligence	24.0
likings	1.0
congos	1.0
global	1.0
goodnight	2.0
flow	2.0
added	3.0
air	1.0
quarter	1.0
paired	1.0
üëø	7.0
needy	1.0
rope	1.0
modeling	2.0
part	9.0
backoff	1.0
grimacing	11.0
somwone	1.0
zombie	4.0
funny	100.0
sweetness	1.0
administration	1.0
figured	2.0
remote	1.0
dude	33.0
vb	1.0
last	23.0
rudest	1.0
parents	3.0
men	11.0
specific	3.0
scientists	1.0
ill	5.0
likes	7.0
chutia	1.0
attention	5.0
flirting	1.0
space	1.0
dhakkan	1.0
remain	1.0
files	1.0
degree	1.0
their	16.0
teaches	1.0
rlly	2.0
expect	2.0
theme	1.0
ick	1.0
tears	124.0
fail	5.0
piece	11.0
private	2.0
?	2102.0
currently	3.0
rit	2.0
helll	1.0
someone	63.0
smooth	1.0
microsoft	21.0
hip	1.0
aeronatutics	1.0
chrome	2.0
teenager	1.0
game	19.0
human	35.0
chiiii	1.0
yep	10.0
garden	1.0
hfer	1.0
wifi	1.0
depressing	1.0
smthing	1.0
found	14.0
mage	1.0
inr	1.0
routine	2.0
happy	205.0
roommates	1.0
humanoid	1.0
age	5.0
tonight	9.0
even	162.0
uk	1.0
error	1.0
aggressive	3.0
dozen	1.0
pcb	1.0
legs	2.0
quiz	1.0
treats	1.0
releasing	1.0
bugging	1.0
upload	1.0
towel	1.0
injection	1.0
dare	27.0
hooo	1.0
mingles	1.0
alys	1.0
letter	1.0
kapil	1.0
actually	41.0
any	99.0
gv	2.0
shorts	2.0
publicity	1.0
following	5.0
hii	1.0
hurt	34.0
running	4.0
boyfrind	1.0
am	1553.0
touch	12.0
posting	3.0
loyal	1.0
duh	6.0
cactus	1.0
thank	73.0
stupid	732.0
understood	3.0
way	70.0
bs	1.0
sa	1.0
aliens	1.0
surpise	1.0
yay	8.0
goodness	1.0
feedback	1.0
pursue	1.0
directions	1.0
insight	1.0
texts	5.0
phew	3.0
bollywood	6.0
lady	9.0
khans	1.0
batman	4.0
ago	2.0
mousam	1.0
called	29.0
coupons	3.0
ports	1.0
ewww	2.0
asa	1.0
unconditionally	1.0
stay	25.0
ehh	1.0
liek	1.0
create	3.0
tolk	2.0
arre	2.0
album	1.0
midd	1.0
üêõ	1.0
maths	12.0
ddlj	1.0
losy	1.0
hehehs	1.0
talent	1.0
pix	1.0
bcs	1.0
guarantee	1.0
mo	3.0
forgot	14.0
ticket	3.0
genius	6.0
becauz	1.0
deciding	1.0
masterbation	1.0
exactly	21.0
argg	1.0
zero	1.0
folder	1.0
friends	65.0
virgo	1.0
rock	4.0
mme	1.0
listening	8.0
humani	1.0
trusted	2.0
crack	5.0
extinct	1.0
domain	1.0
whos	1.0
natural	4.0
feet	1.0
fate	4.0
manly	1.0
eaten	2.0
machine	12.0
chiller	1.0
schools	1.0
gaali	1.0
else	39.0
impulsive	1.0
anthe	1.0
thinkg	1.0
remind	2.0
beautiful	5.0
looking	21.0
kerwaate	1.0
destiny	1.0
screaming	2.0
intimate	1.0
ant	1.0
hbu	4.0
bff	6.0
definitely	14.0
fucker	12.0
boob	2.0
ready	8.0
ir	2.0
anxiety	1.0
chick	2.0
gets	8.0
played	2.0
grimaces	1.0
guts	1.0
ughhh	1.0
breasts	1.0
^^	3.0
travel	1.0
unfollow	1.0
take	47.0
attempting	1.0
urg	1.0
indirect	1.0
community	1.0
context	5.0
wallet	1.0
nibs	1.0
iys	1.0
frustrating	9.0
seriou	1.0
boyy	1.0
angru	2.0
box	5.0
complicated	5.0
owl	4.0
kind	29.0
saint	2.0
suits	1.0
mines	1.0
clueless	1.0
attacked	1.0
nonexistent	1.0
tension	3.0
offended	14.0
leave	75.0
relevant	2.0
tha	1.0
scare	2.0
sweetest	2.0
action	3.0
undertsand	1.0
stories	4.0
loneliness	1.0
scratches	1.0
protecting	1.0
philosophical	1.0
well	135.0
spoil	2.0
abruptly	1.0
soon	16.0
kayy	1.0
management	1.0
secretive	1.0
drama	2.0
counting	1.0
references	1.0
noticing	1.0
liar	19.0
suit	5.0
smacked	1.0
aluminum	2.0
nostril	1.0
walking	4.0
tv	7.0
critisize	1.0
jealous	9.0
fart	3.0
yh	1.0
flirt	1.0
physics	1.0
iza	1.0
:	86.0
sigh	5.0
rhymes	1.0
motherfucking	2.0
designers	1.0
decision	1.0
complete	2.0
edge	1.0
pissed	24.0
discouraging	1.0
‚Ä¶	2.0
mother	16.0
helatira	1.0
supermarket	1.0
alliance	1.0
naaa	1.0
fighting	3.0
alternate	1.0
did	292.0
let	94.0
going	122.0
mind	59.0
yo	8.0
scents	1.0
hr	1.0
apology	4.0
rather	8.0
spams	1.0
completed	1.0
relive	1.0
alon	2.0
lo	1.0
besige	1.0
avengers	2.0
punctuating	4.0
haven	6.0
seemed	1.0
shhh	1.0
luv	6.0
